{
  "hash": "ce37a61f",
  "browserHash": "75e71a21",
  "optimized": {
    "@angular/common": {
      "src": "../../../../../node_modules/@angular/common/fesm2022/common.mjs",
      "file": "@angular_common.js",
      "fileHash": "42d83f87",
      "needsInterop": false
    },
    "@angular/core": {
      "src": "../../../../../node_modules/@angular/core/fesm2022/core.mjs",
      "file": "@angular_core.js",
      "fileHash": "15eabd5e",
      "needsInterop": false
    },
    "@angular/platform-browser": {
      "src": "../../../../../node_modules/@angular/platform-browser/fesm2022/platform-browser.mjs",
      "file": "@angular_platform-browser.js",
      "fileHash": "ab4f823a",
      "needsInterop": false
    },
    "@angular/router": {
      "src": "../../../../../node_modules/@angular/router/fesm2022/router.mjs",
      "file": "@angular_router.js",
      "fileHash": "250c57d3",
      "needsInterop": false
    },
    "msw": {
      "src": "../../../../../node_modules/msw/lib/core/index.mjs",
      "file": "msw.js",
      "fileHash": "05a2fd16",
      "needsInterop": false
    },
    "msw/browser": {
      "src": "../../../../../node_modules/msw/lib/browser/index.mjs",
      "file": "msw_browser.js",
      "fileHash": "12f156a4",
      "needsInterop": false
    },
    "@angular/forms": {
      "src": "../../../../../node_modules/@angular/forms/fesm2022/forms.mjs",
      "file": "@angular_forms.js",
      "fileHash": "9940b3f2",
      "needsInterop": false
    },
    "@angular/common/http": {
      "src": "../../../../../node_modules/@angular/common/fesm2022/http.mjs",
      "file": "@angular_common_http.js",
      "fileHash": "bf05be5f",
      "needsInterop": false
    },
    "rxjs": {
      "src": "../../../../../node_modules/rxjs/dist/esm5/index.js",
      "file": "rxjs.js",
      "fileHash": "eece81b1",
      "needsInterop": false
    }
  },
  "chunks": {
    "chunk-HKCHWXP2": {
      "file": "chunk-HKCHWXP2.js"
    },
    "chunk-XE2PLDZF": {
      "file": "chunk-XE2PLDZF.js"
    },
    "chunk-N3N53OH5": {
      "file": "chunk-N3N53OH5.js"
    },
    "chunk-QVGBW7TY": {
      "file": "chunk-QVGBW7TY.js"
    },
    "chunk-AFRS2OIU": {
      "file": "chunk-AFRS2OIU.js"
    },
    "chunk-IBIFZV4D": {
      "file": "chunk-IBIFZV4D.js"
    },
    "chunk-HSNDBVJ3": {
      "file": "chunk-HSNDBVJ3.js"
    }
  }
}